zip,type,city,state
99501,STANDARD,Anchorage,AK
99701,STANDARD,Fairbanks,AK
99801,STANDARD,Juneau,AK
35203,STANDARD,Birmingham,AL
36104,STANDARD,Montgomery,AL
36602,STANDARD,Mobile,AL
72201,STANDARD,Little Rock,AR
72701,STANDARD,Fayetteville,AR
85004,STANDARD,Phoenix,AZ
85701,STANDARD,Tucson,AZ
86001,STANDARD,Flagstaff,AZ
85251,STANDARD,Scottsdale,AZ
90012,STANDARD,Los Angeles,CA
94102,STANDARD,San Francisco,CA
94101,PO BOX,San Francisco,CA
92101,STANDARD,San Diego,CA
95113,STANDARD,San Jose,CA
95814,STANDARD,Sacramento,CA
93721,STANDARD,Fresno,CA
94612,STANDARD,Oakland,CA
90802,STANDARD,Long Beach,CA
93301,STANDARD,Bakersfield,CA
92805,STANDARD,Anaheim,CA
92501,STANDARD,Riverside,CA
95202,STANDARD,Stockton,CA
92618,STANDARD,Irvine,CA
91101,STANDARD,Pasadena,CA
94704,STANDARD,Berkeley,CA
93101,STANDARD,Santa Barbara,CA
80202,STANDARD,Denver,CO
80903,STANDARD,Colorado Springs,CO
80302,STANDARD,Boulder,CO
06103,STANDARD,Hartford,CT
06510,STANDARD,New Haven,CT
06901,STANDARD,Stamford,CT
20001,STANDARD,Washington,DC
20500,UNIQUE,Washington,DC
19801,STANDARD,Wilmington,DE
19901,STANDARD,Dover,DE
33130,STANDARD,Miami,FL
32801,STANDARD,Orlando,FL
33602,STANDARD,Tampa,FL
32202,STANDARD,Jacksonville,FL
32301,STANDARD,Tallahassee,FL
33701,STANDARD,Saint Petersburg,FL
33301,STANDARD,Fort Lauderdale,FL
32601,STANDARD,Gainesville,FL
33401,STANDARD,West Palm Beach,FL
33040,STANDARD,Key West,FL
30303,STANDARD,Atlanta,GA
30301,PO BOX,Atlanta,GA
31401,STANDARD,Savannah,GA
30901,STANDARD,Augusta,GA
31901,STANDARD,Columbus,GA
96813,STANDARD,Honolulu,HI
96720,STANDARD,Hilo,HI
96732,STANDARD,Kahului,HI
50309,STANDARD,Des Moines,IA
52401,STANDARD,Cedar Rapids,IA
83702,STANDARD,Boise,ID
83402,STANDARD,Idaho Falls,ID
60601,STANDARD,Chicago,IL
60614,STANDARD,Chicago,IL
62701,STANDARD,Springfield,IL
61602,STANDARD,Peoria,IL
60540,STANDARD,Naperville,IL
61820,STANDARD,Champaign,IL
46204,STANDARD,Indianapolis,IN
46802,STANDARD,Fort Wayne,IN
46601,STANDARD,South Bend,IN
67202,STANDARD,Wichita,KS
66603,STANDARD,Topeka,KS
66044,STANDARD,Lawrence,KS
40202,STANDARD,Louisville,KY
40507,STANDARD,Lexington,KY
42101,STANDARD,Bowling Green,KY
70112,STANDARD,New Orleans,LA
70801,STANDARD,Baton Rouge,LA
71101,STANDARD,Shreveport,LA
02108,STANDARD,Boston,MA
01608,STANDARD,Worcester,MA
01103,STANDARD,Springfield,MA
02139,STANDARD,Cambridge,MA
21202,STANDARD,Baltimore,MD
21401,STANDARD,Annapolis,MD
20850,STANDARD,Rockville,MD
04101,STANDARD,Portland,ME
04330,STANDARD,Augusta,ME
04401,STANDARD,Bangor,ME
48226,STANDARD,Detroit,MI
49503,STANDARD,Grand Rapids,MI
48933,STANDARD,Lansing,MI
48104,STANDARD,Ann Arbor,MI
55401,STANDARD,Minneapolis,MN
55101,STANDARD,Saint Paul,MN
55901,STANDARD,Rochester,MN
64106,STANDARD,Kansas City,MO
63101,STANDARD,Saint Louis,MO
65806,STANDARD,Springfield,MO
39201,STANDARD,Jackson,MS
39501,STANDARD,Gulfport,MS
59101,STANDARD,Billings,MT
59601,STANDARD,Helena,MT
28202,STANDARD,Charlotte,NC
27601,STANDARD,Raleigh,NC
27701,STANDARD,Durham,NC
28801,STANDARD,Asheville,NC
58102,STANDARD,Fargo,ND
58501,STANDARD,Bismarck,ND
68102,STANDARD,Omaha,NE
68508,STANDARD,Lincoln,NE
03101,STANDARD,Manchester,NH
03301,STANDARD,Concord,NH
07102,STANDARD,Newark,NJ
07302,STANDARD,Jersey City,NJ
08608,STANDARD,Trenton,NJ
08540,STANDARD,Princeton,NJ
87102,STANDARD,Albuquerque,NM
87501,STANDARD,Santa Fe,NM
88001,STANDARD,Las Cruces,NM
89101,STANDARD,Las Vegas,NV
89501,STANDARD,Reno,NV
89701,STANDARD,Carson City,NV
10001,STANDARD,New York,NY
10008,PO BOX,New York,NY
11201,STANDARD,Brooklyn,NY
10451,STANDARD,Bronx,NY
14202,STANDARD,Buffalo,NY
14604,STANDARD,Rochester,NY
13202,STANDARD,Syracuse,NY
12207,STANDARD,Albany,NY
14850,STANDARD,Ithaca,NY
12345,UNIQUE,Schenectady,NY
10301,STANDARD,Staten Island,NY
43215,STANDARD,Columbus,OH
44113,STANDARD,Cleveland,OH
45202,STANDARD,Cincinnati,OH
43604,STANDARD,Toledo,OH
45402,STANDARD,Dayton,OH
73102,STANDARD,Oklahoma City,OK
74103,STANDARD,Tulsa,OK
73069,STANDARD,Norman,OK
97204,STANDARD,Portland,OR
97301,STANDARD,Salem,OR
97401,STANDARD,Eugene,OR
19103,STANDARD,Philadelphia,PA
15222,STANDARD,Pittsburgh,PA
17101,STANDARD,Harrisburg,PA
18101,STANDARD,Allentown,PA
18503,STANDARD,Scranton,PA
00901,STANDARD,San Juan,PR
00730,STANDARD,Ponce,PR
00680,STANDARD,Mayaguez,PR
02903,STANDARD,Providence,RI
02886,STANDARD,Warwick,RI
02840,STANDARD,Newport,RI
29201,STANDARD,Columbia,SC
29401,STANDARD,Charleston,SC
29601,STANDARD,Greenville,SC
57104,STANDARD,Sioux Falls,SD
57701,STANDARD,Rapid City,SD
37203,STANDARD,Nashville,TN
38103,STANDARD,Memphis,TN
37902,STANDARD,Knoxville,TN
37402,STANDARD,Chattanooga,TN
77002,STANDARD,Houston,TX
77001,PO BOX,Houston,TX
75201,STANDARD,Dallas,TX
75221,PO BOX,Dallas,TX
78205,STANDARD,San Antonio,TX
78701,STANDARD,Austin,TX
76102,STANDARD,Fort Worth,TX
79901,STANDARD,El Paso,TX
76010,STANDARD,Arlington,TX
78401,STANDARD,Corpus Christi,TX
79401,STANDARD,Lubbock,TX
79101,STANDARD,Amarillo,TX
79701,STANDARD,Midland,TX
78520,STANDARD,Brownsville,TX
84101,STANDARD,Salt Lake City,UT
84601,STANDARD,Provo,UT
84770,STANDARD,Saint George,UT
23219,STANDARD,Richmond,VA
23451,STANDARD,Virginia Beach,VA
23510,STANDARD,Norfolk,VA
22314,STANDARD,Alexandria,VA
22902,STANDARD,Charlottesville,VA
05401,STANDARD,Burlington,VT
05602,STANDARD,Montpelier,VT
98101,STANDARD,Seattle,WA
99201,STANDARD,Spokane,WA
98402,STANDARD,Tacoma,WA
98501,STANDARD,Olympia,WA
53202,STANDARD,Milwaukee,WI
53703,STANDARD,Madison,WI
54301,STANDARD,Green Bay,WI
25301,STANDARD,Charleston,WV
25701,STANDARD,Huntington,WV
82001,STANDARD,Cheyenne,WY
82601,STANDARD,Casper,WY
